age,weight,height,sex,goal,activity,recommended_diet,initial_weight,final_weight,duration_days,waist_before,waist_after,hips_before,hips_after,chest_before,chest_after,food_likes,food_dislikes,diet_type_used,satisfaction_level,success,estimated_lean_mass
52,97,169,мъж,поддържане,ниска,балансиран,106,97,147,88,82,91,87,118,116,"глутен, овес, яйца","зеленчуци, мляко",средиземноморска,3,Да,102.2
26,110,183,жена,поддържане,средна,балансиран,117,110,66,85,76,106,100,85,89,"сладкиши, риба, глутен","зеленчуци, пиле",нисковъглехидратен,2,Да,95.8
51,99,199,жена,отслабване,ниска,нисковъглехидратен,101,99,49,88,84,115,110,87,88,"яйца, зеленчуци, сладкиши","сладкиши, яйца",кето,3,Да,87.4
39,54,167,жена,поддържане,ниска,балансиран,58,54,144,86,78,98,96,97,100,"овес, риба, яйца","сладкиши, мляко",висок протеин,5,Да,55.5
44,73,177,мъж,поддържане,висока,балансиран,82,73,96,87,80,99,94,105,104,"яйца, зеленчуци, риба","пиле, глутен",кето,4,Да,79.7
38,91,177,жена,качване,висока,висок протеин,97,91,149,92,87,105,100,92,94,"сладкиши, пиле, яйца","овес, зеленчуци",висок протеин,3,Да,82.3
45,54,183,мъж,качване,висока,висок протеин,62,54,130,103,95,117,111,97,99,"глутен, мляко, зеленчуци","сладкиши, мляко",интервално гладуване,5,Да,62.7
40,86,183,мъж,качване,средна,висок протеин,92,86,73,94,91,106,104,94,94,"сладкиши, глутен, пиле","сладкиши, яйца",кето,3,Да,89.1
57,102,186,жена,качване,ниска,балансиран,109,102,151,98,94,90,83,90,90,"зеленчуци, пиле, мляко","мляко, риба",средиземноморска,5,Да,90.0
22,88,196,мъж,поддържане,висока,балансиран,92,88,143,80,74,92,85,113,113,"глутен, яйца, риба","зеленчуци, мляко",висок протеин,5,Да,94.0
50,70,175,жена,отслабване,ниска,нисковъглехидратен,79,70,72,80,72,99,94,118,120,"зеленчуци, яйца, пиле","пиле, глутен",средиземноморска,4,Да,70.5
42,86,186,жена,поддържане,висока,балансиран,93,86,135,91,85,91,86,105,107,"пиле, глутен, яйца","зеленчуци, глутен",средиземноморска,5,Да,80.6
24,107,170,мъж,поддържане,ниска,балансиран,113,107,102,95,88,102,99,85,83,"пиле, мляко, зеленчуци","яйца, глутен",интервално гладуване,5,Да,105.1
35,55,153,мъж,качване,средна,висок протеин,57,55,89,103,99,94,92,94,96,"глутен, яйца, сладкиши","мляко, зеленчуци",интервално гладуване,3,Да,63.1
57,76,193,жена,отслабване,средна,нисковъглехидратен,85,76,50,102,93,99,94,103,107,"пиле, мляко, яйца","риба, глутен",кето,3,Да,73.1
25,85,165,мъж,качване,висока,висок протеин,88,85,132,85,82,100,95,114,112,"зеленчуци, пиле, яйца","пиле, овес",интервално гладуване,4,Да,91.3
44,68,190,жена,отслабване,висока,висок протеин,77,68,167,83,76,116,113,88,92,"зеленчуци, сладкиши, глутен","овес, риба",кето,3,Да,64.8
56,108,180,мъж,качване,висока,висок протеин,115,108,119,104,98,102,95,104,102,"глутен, пиле, овес","глутен, сладкиши",средиземноморска,4,Да,109.1
38,73,198,мъж,отслабване,средна,нисковъглехидратен,75,73,51,100,91,110,103,109,110,"яйца, мляко, овес","зеленчуци, пиле",средиземноморска,5,Да,80.8
37,52,152,мъж,поддържане,ниска,балансиран,55,52,94,89,82,94,92,88,86,"риба, зеленчуци, глутен","сладкиши, риба",нисковъглехидратен,5,Да,58.8
46,87,181,мъж,отслабване,ниска,нисковъглехидратен,91,87,60,86,81,108,106,91,95,"зеленчуци, яйца, мляко","пиле, овес",нисковъглехидратен,2,Да,90.1
62,74,160,мъж,качване,висока,висок протеин,82,74,173,103,99,104,97,99,100,"сладкиши, мляко, пиле","риба, яйца",средиземноморска,3,Да,79.9
27,70,160,мъж,поддържане,висока,балансиран,78,70,150,88,79,91,85,91,91,"пиле, глутен, риба","овес, яйца",нисковъглехидратен,4,Да,75.0
31,106,150,жена,отслабване,ниска,нисковъглехидратен,114,106,166,98,94,110,103,105,105,"сладкиши, яйца, зеленчуци","овес, яйца",нисковъглехидратен,4,Да,95.2
55,52,169,жена,поддържане,висока,балансиран,56,52,149,100,91,94,89,116,116,"глутен, риба, сладкиши","овес, мляко",интервално гладуване,3,Да,56.4
23,99,169,мъж,поддържане,ниска,балансиран,105,99,96,105,102,93,91,112,113,"яйца, овес, сладкиши","овес, зеленчуци",нисковъглехидратен,3,Да,103.4
26,105,196,жена,качване,средна,висок протеин,110,105,35,95,90,116,110,117,118,"мляко, глутен, яйца","сладкиши, яйца",нисковъглехидратен,2,Да,96.4
28,53,199,жена,качване,ниска,балансиран,57,53,177,90,83,94,90,93,93,"мляко, глутен, риба","мляко, яйца",средиземноморска,4,Да,53.7
64,96,163,мъж,отслабване,висока,висок протеин,102,96,79,94,85,106,100,104,108,"овес, сладкиши, мляко","риба, яйца",интервално гладуване,5,Да,100.0
57,60,162,жена,качване,ниска,балансиран,64,60,47,87,81,118,112,105,108,"риба, мляко, овес","зеленчуци, мляко",висок протеин,4,Да,61.2
55,94,165,мъж,отслабване,ниска,нисковъглехидратен,99,94,176,80,74,106,102,111,112,"глутен, мляко, риба","пиле, мляко",нисковъглехидратен,5,Да,98.9
44,68,179,мъж,поддържане,средна,балансиран,76,68,83,109,104,115,109,101,105,"мляко, глутен, сладкиши","зеленчуци, риба",интервално гладуване,2,Да,75.6
59,90,173,мъж,качване,висока,висок протеин,92,90,111,98,89,96,91,119,119,"риба, мляко, пиле","пиле, яйца",нисковъглехидратен,3,Да,96.7
19,86,153,мъж,отслабване,ниска,нисковъглехидратен,95,86,97,87,84,94,91,104,102,"сладкиши, глутен, яйца","сладкиши, мляко",кето,3,Да,90.4
31,77,158,жена,качване,средна,висок протеин,80,77,102,105,97,105,103,86,86,"глутен, мляко, риба","зеленчуци, овес",нисковъглехидратен,2,Да,70.7
52,73,167,жена,отслабване,средна,нисковъглехидратен,77,73,89,81,78,103,100,92,91,"сладкиши, глутен, мляко","мляко, пиле",интервално гладуване,2,Да,68.4
31,96,191,жена,поддържане,средна,балансиран,104,96,40,109,104,107,105,110,108,"мляко, сладкиши, риба","пиле, сладкиши",интервално гладуване,2,Да,88.2
53,102,182,мъж,поддържане,висока,балансиран,107,102,102,109,106,92,87,115,114,"яйца, риба, сладкиши","сладкиши, мляко",кето,2,Да,106.1
18,65,176,жена,качване,висока,висок протеин,67,65,119,104,97,91,85,92,90,"глутен, сладкиши, мляко","риба, зеленчуци",средиземноморска,5,Да,62.2
36,76,161,жена,качване,ниска,балансиран,82,76,160,82,73,119,113,99,98,"риба, зеленчуци, яйца","яйца, риба",нисковъглехидратен,4,Да,71.7
51,66,185,мъж,отслабване,ниска,нисковъглехидратен,71,66,131,106,103,114,107,102,102,"мляко, овес, сладкиши","риба, глутен",висок протеин,3,Да,73.4
20,54,190,жена,отслабване,ниска,нисковъглехидратен,58,54,115,105,101,118,116,114,116,"яйца, овес, глутен","мляко, риба",висок протеин,4,Да,57.9
35,89,184,мъж,поддържане,висока,балансиран,91,89,131,102,98,92,89,101,103,"мляко, риба, яйца","мляко, риба",интервално гладуване,3,Да,93.2
35,64,157,жена,поддържане,средна,балансиран,72,64,177,80,75,117,112,99,101,"глутен, риба, овес","зеленчуци, риба",нисковъглехидратен,2,Да,63.2
19,60,189,мъж,отслабване,ниска,нисковъглехидратен,68,60,40,101,95,94,91,119,117,"пиле, яйца, зеленчуци","овес, зеленчуци",висок протеин,4,Да,70.9
51,81,159,мъж,поддържане,висока,балансиран,89,81,164,85,76,106,102,113,112,"мляко, сладкиши, глутен","мляко, овес",интервално гладуване,4,Да,87.9
23,77,151,мъж,отслабване,висока,висок протеин,83,77,172,85,80,112,109,89,93,"мляко, риба, сладкиши","пиле, яйца",висок протеин,2,Да,81.3
49,107,156,жена,поддържане,висока,балансиран,112,107,95,100,96,117,114,113,113,"яйца, овес, пиле","сладкиши, глутен",нисковъглехидратен,2,Да,97.2
41,73,179,мъж,поддържане,висока,балансиран,77,73,170,89,86,103,99,105,104,"яйца, риба, сладкиши","овес, сладкиши",нисковъглехидратен,2,Да,79.7
19,96,174,жена,поддържане,средна,балансиран,99,96,176,103,100,93,91,85,83,"риба, пиле, овес","мляко, яйца",кето,5,Да,84.4
38,66,168,мъж,отслабване,ниска,нисковъглехидратен,72,66,36,103,96,97,95,106,110,"зеленчуци, мляко, яйца","мляко, сладкиши",висок протеин,5,Да,74.8
53,86,171,мъж,отслабване,ниска,нисковъглехидратен,90,86,106,96,87,99,93,116,115,"глутен, пиле, риба","яйца, глутен",средиземноморска,5,Да,92.6
56,65,186,жена,отслабване,средна,нисковъглехидратен,69,65,155,89,81,104,102,98,96,"риба, пиле, мляко","овес, сладкиши",кето,2,Да,63.2
21,89,190,жена,поддържане,ниска,балансиран,97,89,55,107,102,119,113,100,103,"сладкиши, глутен, яйца","пиле, сладкиши",нисковъглехидратен,5,Да,82.2
54,80,158,мъж,качване,средна,висок протеин,89,80,62,85,79,117,111,100,100,"зеленчуци, риба, мляко","зеленчуци, сладкиши",кето,2,Да,85.0
22,56,162,мъж,поддържане,висока,балансиран,63,56,129,97,91,118,116,85,88,"мляко, зеленчуци, яйца","глутен, яйца",интервално гладуване,5,Да,62.6
30,53,167,мъж,качване,ниска,балансиран,61,53,125,109,101,118,112,111,113,"глутен, пиле, риба","пиле, зеленчуци",кето,4,Да,64.3
42,59,168,жена,поддържане,ниска,балансиран,66,59,145,102,93,110,107,119,118,"овес, мляко, глутен","сладкиши, мляко",висок протеин,2,Да,61.9
50,58,162,жена,качване,висока,висок протеин,66,58,52,109,102,113,108,104,102,"пиле, сладкиши, риба","яйца, пиле",интервално гладуване,2,Да,58.8
27,79,196,жена,качване,висока,висок протеин,81,79,140,84,78,108,101,85,84,"мляко, пиле, сладкиши","зеленчуци, овес",средиземноморска,2,Да,71.8
40,68,185,мъж,поддържане,висока,балансиран,74,68,152,105,102,109,103,91,93,"яйца, риба, зеленчуци","риба, сладкиши",средиземноморска,2,Да,73.6
42,68,191,жена,отслабване,ниска,нисковъглехидратен,76,68,168,105,102,91,88,113,113,"сладкиши, глутен, зеленчуци","глутен, яйца",кето,2,Да,67.9
50,90,176,жена,поддържане,висока,балансиран,96,90,152,105,102,108,103,100,101,"сладкиши, глутен, пиле","глутен, риба",нисковъглехидратен,3,Да,82.7
26,51,157,мъж,поддържане,средна,балансиран,57,51,81,92,86,107,105,118,119,"риба, овес, глутен","мляко, зеленчуци",интервално гладуване,5,Да,63.6
40,70,200,жена,качване,висока,висок протеин,78,70,78,108,104,119,112,104,104,"овес, пиле, мляко","глутен, овес",висок протеин,4,Да,68.1
44,88,199,мъж,отслабване,ниска,нисковъглехидратен,95,88,117,108,104,108,103,118,121,"сладкиши, риба, овес","риба, мляко",интервално гладуване,5,Да,95.4
35,64,153,жена,поддържане,висока,балансиран,73,64,98,81,78,105,100,116,114,"пиле, сладкиши, зеленчуци","пиле, глутен",нисковъглехидратен,2,Да,65.1
55,107,173,мъж,качване,ниска,балансиран,111,107,67,84,79,117,112,86,88,"овес, зеленчуци, риба","риба, зеленчуци",средиземноморска,5,Да,105.9
48,68,193,жена,качване,ниска,балансиран,72,68,87,96,87,100,97,115,113,"пиле, мляко, яйца","овес, сладкиши",интервално гладуване,4,Да,67.9
27,91,174,мъж,качване,средна,висок протеин,94,91,170,94,90,109,104,117,118,"яйца, мляко, пиле","мляко, овес",кето,3,Да,97.4
64,107,170,жена,отслабване,средна,нисковъглехидратен,115,107,132,87,80,118,112,96,96,"риба, яйца, зеленчуци","сладкиши, глутен",кето,3,Да,94.7
30,69,168,жена,отслабване,висока,висок протеин,75,69,128,91,83,116,111,117,121,"мляко, сладкиши, яйца","глутен, сладкиши",висок протеин,5,Да,69.9
41,53,181,мъж,отслабване,средна,нисковъглехидратен,55,53,73,104,96,114,110,116,120,"мляко, сладкиши, зеленчуци","пиле, зеленчуци",кето,5,Да,65.5
56,89,200,мъж,качване,висока,висок протеин,95,89,32,91,85,109,102,107,105,"зеленчуци, риба, овес","пиле, глутен",средиземноморска,5,Да,93.5
20,97,183,мъж,поддържане,ниска,балансиран,101,97,97,107,103,95,88,96,98,"риба, яйца, глутен","овес, мляко",кето,2,Да,99.1
33,51,156,мъж,отслабване,висока,висок протеин,58,51,158,89,82,97,95,87,87,"глутен, сладкиши, овес","глутен, яйца",кето,4,Да,58.1
41,52,186,жена,отслабване,висока,висок протеин,55,52,70,83,79,93,88,92,91,"глутен, зеленчуци, сладкиши","сладкиши, пиле",нисковъглехидратен,4,Да,52.7
40,58,160,мъж,поддържане,средна,балансиран,67,58,119,102,96,109,103,100,104,"глутен, мляко, сладкиши","сладкиши, зеленчуци",средиземноморска,4,Да,67.0
24,81,175,жена,качване,висока,висок протеин,90,81,125,92,85,101,97,105,106,"глутен, зеленчуци, риба","сладкиши, мляко",интервално гладуване,3,Да,76.7
47,97,159,жена,отслабване,средна,нисковъглехидратен,106,97,67,87,80,108,104,117,120,"пиле, сладкиши, мляко","зеленчуци, риба",висок протеин,4,Да,90.8
59,82,178,жена,отслабване,средна,нисковъглехидратен,88,82,144,90,83,96,91,102,103,"яйца, сладкиши, овес","риба, яйца",висок протеин,3,Да,76.9
57,81,195,мъж,поддържане,ниска,балансиран,89,81,105,92,89,99,96,89,90,"мляко, пиле, глутен","глутен, мляко",висок протеин,5,Да,84.1
60,56,175,жена,отслабване,висока,висок протеин,59,56,116,92,89,94,87,119,119,"яйца, пиле, риба","пиле, риба",кето,2,Да,59.8
31,89,193,жена,отслабване,средна,нисковъглехидратен,92,89,79,86,81,98,92,102,100,"яйца, сладкиши, зеленчуци","яйца, сладкиши",средиземноморска,2,Да,81.8
55,102,186,мъж,поддържане,средна,балансиран,109,102,176,107,104,93,88,106,104,"сладкиши, овес, риба","риба, овес",нисковъглехидратен,4,Да,104.4
63,104,159,жена,качване,висока,висок протеин,113,104,166,81,72,94,91,110,114,"овес, зеленчуци, риба","риба, сладкиши",интервално гладуване,5,Да,95.1
24,90,153,мъж,отслабване,ниска,нисковъглехидратен,99,90,131,107,98,104,101,106,109,"мляко, зеленчуци, риба","зеленчуци, сладкиши",средиземноморска,2,Да,95.0
45,63,162,мъж,поддържане,висока,балансиран,72,63,164,83,75,98,91,113,113,"мляко, яйца, риба","сладкиши, яйца",средиземноморска,4,Да,72.8
64,109,164,жена,качване,висока,висок протеин,118,109,157,108,102,100,95,95,99,"овес, риба, зеленчуци","овес, яйца",интервално гладуване,2,Да,96.6
44,105,177,мъж,качване,висока,висок протеин,114,105,38,80,74,102,98,100,103,"риба, сладкиши, мляко","зеленчуци, овес",кето,3,Да,106.8
58,58,169,мъж,поддържане,ниска,балансиран,65,58,158,84,75,112,106,108,112,"яйца, овес, зеленчуци","пиле, овес",средиземноморска,5,Да,68.3
33,88,180,жена,отслабване,висока,висок протеин,91,88,69,109,102,117,114,115,114,"риба, мляко, яйца","глутен, овес",висок протеин,5,Да,83.1
56,87,162,жена,отслабване,ниска,нисковъглехидратен,96,87,43,107,98,118,116,94,92,"яйца, овес, пиле","пиле, мляко",кето,4,Да,79.1
53,75,153,жена,поддържане,висока,балансиран,81,75,148,108,101,104,98,86,85,"глутен, риба, яйца","яйца, мляко",интервално гладуване,2,Да,69.0
52,51,167,мъж,поддържане,висока,балансиран,55,51,162,101,93,94,87,113,113,"яйца, зеленчуци, риба","зеленчуци, сладкиши",интервално гладуване,4,Да,62.6
59,80,151,мъж,поддържане,средна,балансиран,82,80,40,105,101,99,97,100,101,"яйца, сладкиши, овес","глутен, яйца",средиземноморска,3,Да,85.2
41,56,163,жена,отслабване,ниска,нисковъглехидратен,58,56,179,87,78,96,92,115,115,"овес, сладкиши, пиле","сладкиши, овес",интервално гладуване,3,Да,59.2
30,73,180,жена,отслабване,висока,висок протеин,80,73,41,102,93,92,86,93,91,"риба, сладкиши, яйца","риба, мляко",висок протеин,2,Да,68.4
28,55,172,мъж,качване,висока,висок протеин,59,55,82,107,103,105,98,114,115,"яйца, риба, сладкиши","риба, сладкиши",нисковъглехидратен,2,Да,66.3
38,100,193,мъж,поддържане,средна,балансиран,103,100,30,83,80,111,106,114,116,"мляко, пиле, овес","сладкиши, мляко",средиземноморска,5,Да,104.7
34,72,171,жена,поддържане,средна,балансиран,77,72,121,94,85,119,113,115,114,"яйца, пиле, овес","сладкиши, мляко",средиземноморска,5,Да,71.1
41,64,154,мъж,отслабване,висока,висок протеин,71,64,85,97,89,113,109,103,107,"риба, глутен, сладкиши","овес, риба",средиземноморска,3,Да,72.6
40,57,169,мъж,отслабване,висока,висок протеин,60,57,85,108,104,114,109,119,119,"овес, сладкиши, риба","мляко, пиле",средиземноморска,5,Да,68.7
46,58,181,мъж,поддържане,средна,балансиран,64,58,157,100,94,108,102,112,111,"яйца, пиле, риба","яйца, сладкиши",нисковъглехидратен,3,Да,68.2
32,90,154,мъж,качване,средна,висок протеин,93,90,51,106,97,118,116,87,88,"риба, яйца, глутен","сладкиши, овес",средиземноморска,4,Да,91.5
57,77,173,мъж,отслабване,висока,висок протеин,83,77,67,82,76,106,101,104,104,"зеленчуци, яйца, пиле","пиле, сладкиши",кето,5,Да,83.1
47,65,164,мъж,поддържане,средна,балансиран,70,65,115,94,90,113,110,95,99,"зеленчуци, пиле, глутен","зеленчуци, яйца",висок протеин,2,Да,72.1
44,51,158,мъж,качване,висока,висок протеин,54,51,74,86,83,104,100,88,88,"овес, мляко, сладкиши","овес, риба",нисковъглехидратен,5,Да,58.3
29,88,172,мъж,качване,висока,висок протеин,97,88,174,90,81,108,104,106,108,"сладкиши, овес, риба","мляко, яйца",нисковъглехидратен,3,Да,93.2
46,74,161,жена,отслабване,ниска,нисковъглехидратен,79,74,94,95,88,102,96,105,106,"зеленчуци, пиле, овес","риба, сладкиши",кето,5,Да,71.4
30,69,152,жена,отслабване,ниска,нисковъглехидратен,72,69,140,100,94,104,98,91,90,"пиле, яйца, мляко","мляко, зеленчуци",кето,5,Да,65.2
65,76,163,жена,поддържане,средна,балансиран,80,76,178,101,92,114,109,118,120,"овес, риба, яйца","глутен, сладкиши",нисковъглехидратен,5,Да,75.0
40,75,158,жена,качване,средна,висок протеин,83,75,37,103,98,98,96,99,101,"мляко, овес, риба","глутен, яйца",кето,3,Да,71.4
60,81,151,мъж,отслабване,ниска,нисковъглехидратен,86,81,60,96,88,105,101,117,118,"глутен, мляко, риба","риба, сладкиши",нисковъглехидратен,2,Да,88.9
58,51,162,жена,отслабване,ниска,нисковъглехидратен,55,51,120,103,98,91,89,108,107,"овес, зеленчуци, сладкиши","зеленчуци, яйца",кето,5,Да,54.3
48,106,153,мъж,качване,ниска,балансиран,108,106,50,87,81,97,91,100,103,"зеленчуци, глутен, сладкиши","пиле, овес",интервално гладуване,4,Да,107.6
23,87,169,жена,поддържане,ниска,балансиран,89,87,114,107,98,102,99,104,104,"пиле, риба, сладкиши","мляко, пиле",средиземноморска,5,Да,80.8
30,51,158,мъж,отслабване,ниска,нисковъглехидратен,53,51,111,103,96,101,98,97,95,"сладкиши, мляко, риба","риба, зеленчуци",кето,3,Да,59.5
53,97,177,жена,качване,ниска,балансиран,105,97,86,82,79,117,112,117,121,"зеленчуци, сладкиши, овес","риба, яйца",нисковъглехидратен,4,Да,90.9
35,54,151,мъж,отслабване,ниска,нисковъглехидратен,60,54,177,90,87,104,101,106,105,"яйца, мляко, овес","сладкиши, пиле",средиземноморска,4,Да,63.8
58,95,181,жена,отслабване,висока,висок протеин,98,95,80,89,84,103,100,111,110,"риба, зеленчуци, овес","мляко, пиле",кето,3,Да,87.8
39,60,177,жена,отслабване,средна,нисковъглехидратен,69,60,68,95,88,99,93,88,91,"глутен, зеленчуци, яйца","сладкиши, яйца",висок протеин,5,Да,58.7
24,84,182,мъж,поддържане,висока,балансиран,92,84,161,97,92,94,87,89,90,"яйца, пиле, зеленчуци","риба, сладкиши",висок протеин,2,Да,86.7
65,89,152,мъж,отслабване,висока,висок протеин,95,89,94,93,85,97,95,114,113,"яйца, сладкиши, зеленчуци","риба, пиле",интервално гладуване,4,Да,94.9
32,88,193,мъж,отслабване,средна,нисковъглехидратен,94,88,139,85,79,103,97,97,95,"овес, зеленчуци, яйца","зеленчуци, пиле",кето,3,Да,91.0
34,51,172,жена,отслабване,ниска,нисковъглехидратен,59,51,48,94,91,106,103,95,95,"пиле, яйца, зеленчуци","мляко, глутен",интервално гладуване,5,Да,52.5
47,103,195,мъж,поддържане,средна,балансиран,111,103,167,80,71,111,105,111,112,"овес, яйца, зеленчуци","сладкиши, зеленчуци",нисковъглехидратен,5,Да,106.6
39,91,193,жена,поддържане,средна,балансиран,98,91,167,106,102,116,111,113,117,"овес, глутен, мляко","риба, овес",кето,2,Да,85.8
23,73,168,жена,поддържане,средна,балансиран,79,73,130,103,98,106,103,87,85,"пиле, сладкиши, овес","пиле, сладкиши",нисковъглехидратен,3,Да,67.5
40,99,160,жена,поддържане,висока,балансиран,107,99,80,81,73,98,92,111,113,"мляко, глутен, зеленчуци","яйца, мляко",нисковъглехидратен,2,Да,91.2
51,91,178,мъж,отслабване,средна,нисковъглехидратен,99,91,89,108,103,112,106,116,116,"яйца, риба, зеленчуци","глутен, пиле",висок протеин,4,Да,97.1
43,52,169,мъж,поддържане,ниска,балансиран,58,52,171,91,82,109,104,117,121,"сладкиши, мляко, овес","овес, глутен",средиземноморска,3,Да,64.8
45,51,174,жена,поддържане,средна,балансиран,54,51,79,88,80,113,111,88,88,"мляко, сладкиши, яйца","пиле, мляко",кето,3,Да,51.4
58,76,191,жена,поддържане,висока,балансиран,80,76,65,89,83,114,112,117,120,"пиле, мляко, риба","глутен, риба",средиземноморска,5,Да,75.0
40,73,152,жена,поддържане,средна,балансиран,80,73,162,107,101,116,110,105,103,"зеленчуци, пиле, яйца","риба, яйца",нисковъглехидратен,2,Да,70.2
31,79,189,мъж,качване,ниска,балансиран,88,79,77,98,94,115,110,88,91,"яйца, мляко, овес","риба, яйца",висок протеин,2,Да,82.6
59,109,181,жена,поддържане,висока,балансиран,113,109,138,106,98,107,100,115,114,"овес, яйца, риба","зеленчуци, овес",нисковъглехидратен,2,Да,98.9
53,99,164,жена,качване,висока,висок протеин,105,99,89,104,101,110,103,106,104,"яйца, мляко, глутен","овес, сладкиши",средиземноморска,5,Да,89.8
43,87,186,мъж,отслабване,висока,висок протеин,91,87,105,88,84,109,105,114,115,"риба, овес, яйца","риба, пиле",интервално гладуване,5,Да,93.5
60,53,189,жена,отслабване,ниска,нисковъглехидратен,55,53,91,93,87,90,83,105,103,"пиле, риба, яйца","риба, яйца",интервално гладуване,3,Да,55.2
62,65,169,жена,качване,ниска,балансиран,74,65,66,106,97,111,104,98,96,"риба, пиле, мляко","глутен, зеленчуци",нисковъглехидратен,4,Да,63.2
24,81,152,жена,отслабване,средна,нисковъглехидратен,88,81,53,81,77,104,97,93,95,"овес, риба, глутен","овес, мляко",кето,5,Да,75.0
18,89,186,мъж,поддържане,висока,балансиран,95,89,40,82,73,110,108,116,119,"риба, зеленчуци, сладкиши","риба, овес",интервално гладуване,5,Да,95.9
49,51,182,мъж,качване,висока,висок протеин,59,51,139,97,92,98,91,99,101,"яйца, мляко, овес","овес, пиле",интервално гладуване,4,Да,60.5
28,103,156,мъж,качване,ниска,балансиран,108,103,105,103,97,117,111,112,113,"пиле, зеленчуци, яйца","глутен, пиле",кето,3,Да,106.8
51,50,188,жена,качване,висока,висок протеин,54,50,149,82,75,99,93,86,88,"овес, мляко, зеленчуци","риба, зеленчуци",кето,2,Да,50.7
52,62,157,мъж,отслабване,висока,висок протеин,71,62,34,82,78,91,84,112,111,"овес, зеленчуци, риба","глутен, мляко",нисковъглехидратен,2,Да,71.6
58,81,179,мъж,поддържане,ниска,балансиран,85,81,34,81,76,110,108,99,99,"мляко, овес, сладкиши","мляко, риба",кето,5,Да,85.7
61,84,194,мъж,отслабване,ниска,нисковъглехидратен,87,84,64,81,76,97,92,88,87,"зеленчуци, овес, пиле","овес, риба",средиземноморска,2,Да,86.2
39,62,167,мъж,качване,ниска,балансиран,70,62,90,93,85,103,100,114,115,"мляко, овес, яйца","риба, мляко",средиземноморска,3,Да,72.2
46,84,184,мъж,качване,висока,висок протеин,91,84,66,105,101,92,88,117,118,"зеленчуци, глутен, сладкиши","сладкиши, яйца",средиземноморска,5,Да,91.5
57,91,187,мъж,поддържане,средна,балансиран,95,91,159,94,90,99,93,98,99,"яйца, овес, пиле","глутен, сладкиши",интервално гладуване,3,Да,94.2
35,70,156,жена,отслабване,средна,нисковъглехидратен,74,70,138,98,92,111,106,88,87,"глутен, яйца, сладкиши","мляко, глутен",нисковъглехидратен,2,Да,65.6
54,93,153,мъж,качване,средна,висок протеин,101,93,173,87,84,111,104,88,89,"овес, сладкиши, зеленчуци","яйца, овес",средиземноморска,3,Да,94.2
50,55,169,мъж,поддържане,висока,балансиран,63,55,61,100,95,108,105,108,112,"мляко, овес, глутен","зеленчуци, глутен",нисковъглехидратен,3,Да,65.8
29,54,154,жена,качване,средна,висок протеин,62,54,87,85,77,96,92,107,110,"сладкиши, мляко, овес","глутен, зеленчуци",кето,2,Да,57.0
29,108,186,жена,качване,висока,висок протеин,114,108,107,87,79,101,96,94,97,"овес, яйца, риба","мляко, зеленчуци",средиземноморска,2,Да,95.6
36,61,167,жена,поддържане,висока,балансиран,68,61,71,101,94,105,98,105,104,"риба, овес, глутен","зеленчуци, глутен",висок протеин,5,Да,61.3
27,109,161,жена,качване,ниска,балансиран,115,109,144,106,100,117,112,110,109,"мляко, сладкиши, зеленчуци","пиле, риба",интервално гладуване,5,Да,98.1
59,82,156,жена,качване,средна,висок протеин,84,82,33,95,89,108,103,119,121,"сладкиши, яйца, риба","пиле, риба",средиземноморска,4,Да,79.7
54,107,174,мъж,поддържане,висока,балансиран,114,107,116,85,76,115,110,109,110,"яйца, риба, глутен","овес, риба",средиземноморска,2,Да,109.6
29,98,195,мъж,поддържане,ниска,балансиран,103,98,170,84,77,113,108,104,103,"риба, глутен, мляко","сладкиши, риба",нисковъглехидратен,4,Да,100.8
20,104,158,мъж,отслабване,ниска,нисковъглехидратен,107,104,162,98,93,90,86,102,105,"яйца, мляко, овес","мляко, зеленчуци",висок протеин,2,Да,106.2
37,109,185,жена,поддържане,висока,балансиран,115,109,58,93,89,102,100,85,84,"мляко, сладкиши, овес","мляко, пиле",кето,2,Да,94.3
64,54,188,мъж,поддържане,средна,балансиран,56,54,141,108,101,93,89,92,94,"мляко, овес, яйца","сладкиши, риба",кето,3,Да,61.9
62,94,189,жена,поддържане,ниска,балансиран,98,94,126,105,97,114,108,95,93,"овес, сладкиши, зеленчуци","яйца, мляко",висок протеин,3,Да,84.4
33,106,187,жена,отслабване,висока,висок протеин,113,106,114,99,90,107,105,103,105,"зеленчуци, глутен, сладкиши","зеленчуци, яйца",средиземноморска,4,Да,95.2
40,95,192,жена,поддържане,ниска,балансиран,99,95,131,86,79,108,101,87,89,"овес, глутен, зеленчуци","риба, сладкиши",средиземноморска,3,Да,84.6
45,81,159,жена,отслабване,висока,висок протеин,85,81,105,87,82,103,97,89,88,"зеленчуци, овес, яйца","риба, мляко",висок протеин,2,Да,73.9
35,71,178,мъж,отслабване,висока,висок протеин,80,71,176,93,85,108,105,91,91,"глутен, риба, пиле","глутен, овес",висок протеин,5,Да,75.8
44,50,194,мъж,поддържане,средна,балансиран,56,50,35,90,84,108,105,106,104,"сладкиши, зеленчуци, пиле","овес, яйца",средиземноморска,5,Да,60.2
65,73,153,жена,отслабване,средна,нисковъглехидратен,75,73,173,88,82,113,108,93,93,"овес, пиле, сладкиши","глутен, риба",висок протеин,5,Да,68.7
25,87,158,мъж,отслабване,ниска,нисковъглехидратен,90,87,142,99,92,117,114,104,108,"мляко, зеленчуци, овес","мляко, глутен",нисковъглехидратен,3,Да,92.3
41,84,151,мъж,качване,ниска,балансиран,91,84,98,92,89,108,105,119,123,"овес, глутен, яйца","зеленчуци, яйца",нисковъглехидратен,3,Да,92.3
41,51,191,жена,отслабване,средна,нисковъглехидратен,60,51,153,98,89,105,102,118,116,"пиле, мляко, овес","яйца, мляко",кето,5,Да,55.7
21,82,200,мъж,отслабване,висока,висок протеин,85,82,79,102,93,96,91,109,112,"риба, овес, мляко","сладкиши, мляко",кето,4,Да,88.7
62,64,189,мъж,поддържане,висока,балансиран,73,64,114,92,85,119,117,91,95,"мляко, зеленчуци, сладкиши","зеленчуци, овес",висок протеин,3,Да,70.5
28,100,185,мъж,качване,висока,висок протеин,103,100,112,92,84,113,107,98,96,"яйца, глутен, овес","риба, зеленчуци",интервално гладуване,5,Да,101.3
42,66,151,мъж,поддържане,висока,балансиран,74,66,179,91,87,101,99,110,111,"риба, яйца, глутен","глутен, пиле",кето,2,Да,75.0
47,87,159,жена,поддържане,висока,балансиран,94,87,128,92,86,108,102,88,86,"яйца, овес, риба","мляко, овес",нисковъглехидратен,4,Да,78.2
58,93,198,жена,качване,средна,висок протеин,97,93,163,89,84,94,92,104,106,"яйца, овес, глутен","риба, зеленчуци",кето,4,Да,85.7
23,100,154,мъж,качване,средна,висок протеин,102,100,83,108,101,116,110,93,91,"пиле, овес, мляко","риба, зеленчуци",интервално гладуване,2,Да,100.5
62,110,193,жена,отслабване,висока,висок протеин,116,110,161,82,75,96,92,85,87,"мляко, зеленчуци, яйца","зеленчуци, мляко",кето,5,Да,95.6
31,55,161,жена,поддържане,висока,балансиран,60,55,170,107,103,99,95,93,97,"пиле, овес, яйца","мляко, яйца",висок протеин,5,Да,55.8
29,63,168,мъж,отслабване,ниска,нисковъглехидратен,69,63,89,108,100,93,87,118,121,"сладкиши, риба, овес","глутен, яйца",кето,3,Да,74.1
43,102,175,мъж,отслабване,висока,висок протеин,104,102,137,80,75,118,114,91,91,"овес, сладкиши, мляко","глутен, пиле",интервално гладуване,2,Да,102.2
43,69,178,жена,отслабване,висока,висок протеин,76,69,175,103,96,104,98,93,92,"зеленчуци, мляко, овес","сладкиши, риба",кето,4,Да,65.6
20,89,191,жена,качване,ниска,балансиран,98,89,114,86,77,91,89,86,89,"сладкиши, зеленчуци, пиле","сладкиши, зеленчуци",средиземноморска,2,Да,80.1
53,62,195,жена,поддържане,висока,балансиран,65,62,64,100,95,93,88,108,107,"глутен, сладкиши, зеленчуци","пиле, глутен",интервално гладуване,5,Да,62.6
52,63,178,жена,поддържане,висока,балансиран,66,63,102,103,100,92,86,87,89,"риба, яйца, глутен","риба, глутен",висок протеин,2,Да,60.6
38,99,172,мъж,качване,висока,висок протеин,101,99,178,95,88,98,96,91,90,"глутен, риба, зеленчуци","пиле, яйца",нисковъглехидратен,4,Да,99.5
64,71,180,жена,качване,средна,висок протеин,78,71,126,97,92,112,107,104,103,"риба, зеленчуци, глутен","глутен, овес",средиземноморска,3,Да,68.7
43,86,186,мъж,качване,висока,висок протеин,88,86,87,87,84,115,111,88,89,"риба, пиле, яйца","сладкиши, мляко",висок протеин,3,Да,88.2
61,108,185,мъж,поддържане,средна,балансиран,113,108,37,91,88,95,93,112,112,"пиле, сладкиши, овес","яйца, сладкиши",интервално гладуване,3,Да,110.8
64,84,160,мъж,отслабване,средна,нисковъглехидратен,89,84,64,88,80,94,88,105,107,"зеленчуци, сладкиши, мляко","пиле, овес",интервално гладуване,3,Да,89.6
34,103,197,жена,качване,ниска,балансиран,109,103,85,93,86,99,96,86,90,"пиле, мляко, сладкиши","сладкиши, овес",висок протеин,2,Да,90.8
38,51,190,жена,отслабване,ниска,нисковъглехидратен,56,51,38,103,96,118,115,88,91,"овес, мляко, яйца","овес, глутен",кето,5,Да,51.9
53,95,170,жена,поддържане,ниска,балансиран,98,95,155,103,100,116,111,93,96,"овес, пиле, мляко","сладкиши, риба",нисковъглехидратен,4,Да,85.7
23,55,151,жена,поддържане,ниска,балансиран,63,55,113,81,77,117,113,119,120,"мляко, глутен, пиле","пиле, риба",нисковъглехидратен,2,Да,59.2
39,56,169,мъж,отслабване,средна,нисковъглехидратен,65,56,173,86,81,92,89,117,118,"пиле, риба, яйца","сладкиши, мляко",нисковъглехидратен,2,Да,67.7
40,84,157,мъж,отслабване,средна,нисковъглехидратен,88,84,47,103,95,101,95,117,118,"риба, пиле, мляко","риба, зеленчуци",нисковъглехидратен,4,Да,91.5
55,72,162,мъж,качване,средна,висок протеин,80,72,173,81,78,100,98,95,98,"зеленчуци, пиле, яйца","пиле, сладкиши",нисковъглехидратен,4,Да,77.9
54,62,151,жена,отслабване,ниска,нисковъглехидратен,71,62,124,102,97,92,85,96,99,"пиле, овес, риба","зеленчуци, пиле",интервално гладуване,4,Да,61.3
41,72,164,жена,качване,средна,висок протеин,74,72,39,86,81,96,92,90,90,"пиле, сладкиши, глутен","пиле, мляко",средиземноморска,5,Да,67.5
37,106,153,жена,поддържане,висока,балансиран,115,106,42,109,103,102,100,102,104,"пиле, зеленчуци, сладкиши","пиле, яйца",висок протеин,3,Да,95.1
63,101,160,мъж,отслабване,средна,нисковъглехидратен,103,101,112,107,103,119,116,119,121,"мляко, пиле, глутен","пиле, яйца",интервално гладуване,2,Да,106.4
35,91,182,мъж,качване,средна,висок протеин,95,91,70,90,83,99,92,92,90,"зеленчуци, яйца, пиле","глутен, мляко",интервално гладуване,3,Да,92.6
44,64,172,жена,качване,ниска,балансиран,66,64,79,96,90,98,94,117,116,"мляко, зеленчуци, сладкиши","сладкиши, зеленчуци",интервално гладуване,3,Да,65.4
53,55,188,жена,отслабване,ниска,нисковъглехидратен,63,55,53,105,97,114,111,86,89,"пиле, яйца, зеленчуци","глутен, зеленчуци",интервално гладуване,2,Да,54.6
46,55,156,жена,поддържане,средна,балансиран,62,55,97,94,89,91,85,106,104,"пиле, яйца, мляко","пиле, риба",средиземноморска,5,Да,56.8
44,107,153,мъж,поддържане,ниска,балансиран,115,107,78,80,73,108,101,116,120,"сладкиши, риба, мляко","сладкиши, зеленчуци",интервално гладуване,5,Да,111.3
51,96,152,мъж,поддържане,ниска,балансиран,103,96,150,103,98,94,90,116,120,"яйца, мляко, пиле","яйца, мляко",нисковъглехидратен,5,Да,102.0
65,68,199,жена,качване,средна,висок протеин,74,68,79,102,95,99,96,104,103,"риба, глутен, зеленчуци","пиле, яйца",висок протеин,4,Да,66.4
27,81,161,жена,отслабване,ниска,нисковъглехидратен,85,81,44,109,102,97,93,108,107,"глутен, мляко, яйца","пиле, зеленчуци",средиземноморска,3,Да,76.8
63,100,193,мъж,отслабване,висока,висок протеин,106,100,69,99,93,109,103,117,115,"пиле, овес, сладкиши","сладкиши, пиле",висок протеин,4,Да,104.5
18,53,151,мъж,качване,ниска,балансиран,59,53,91,91,87,119,114,91,90,"зеленчуци, овес, риба","яйца, зеленчуци",кето,3,Да,60.4
36,78,169,жена,поддържане,висока,балансиран,86,78,173,99,93,92,88,100,102,"мляко, яйца, глутен","яйца, мляко",нисковъглехидратен,2,Да,73.8
21,74,152,жена,поддържане,ниска,балансиран,76,74,153,93,86,108,106,90,90,"риба, овес, мляко","зеленчуци, риба",нисковъглехидратен,2,Да,69.0
39,87,187,мъж,поддържане,ниска,балансиран,94,87,162,94,91,117,110,89,88,"мляко, пиле, овес","яйца, зеленчуци",кето,4,Да,88.9
38,70,189,жена,качване,средна,висок протеин,78,70,90,100,95,113,111,119,118,"пиле, овес, глутен","овес, риба",средиземноморска,5,Да,70.2
48,100,191,жена,качване,висока,висок протеин,108,100,84,97,94,109,105,102,103,"глутен, овес, мляко","глутен, риба",интервално гладуване,4,Да,90.4
31,54,182,мъж,поддържане,средна,балансиран,62,54,136,95,87,117,115,95,94,"глутен, риба, пиле","мляко, пиле",средиземноморска,3,Да,61.9
25,98,170,мъж,качване,ниска,балансиран,105,98,133,93,86,92,87,96,99,"сладкиши, зеленчуци, пиле","глутен, мляко",интервално гладуване,3,Да,100.1
25,56,200,жена,качване,ниска,балансиран,65,56,33,101,98,103,101,101,105,"мляко, глутен, риба","зеленчуци, риба",интервално гладуване,3,Да,57.8
21,61,171,мъж,качване,висока,висок протеин,67,61,105,102,96,114,107,102,103,"мляко, глутен, яйца","яйца, овес",висок протеин,4,Да,69.4
32,97,181,жена,качване,средна,висок протеин,102,97,76,82,78,101,98,110,110,"сладкиши, зеленчуци, мляко","овес, пиле",нисковъглехидратен,4,Да,89.2
31,105,167,мъж,отслабване,средна,нисковъглехидратен,111,105,169,85,80,109,107,89,93,"зеленчуци, яйца, риба","зеленчуци, овес",средиземноморска,5,Да,105.1
51,94,196,мъж,отслабване,ниска,нисковъглехидратен,101,94,144,101,97,108,103,108,112,"овес, мляко, пиле","яйца, сладкиши",висок протеин,4,Да,98.9
45,93,179,жена,поддържане,средна,балансиран,96,93,169,84,77,93,89,104,105,"зеленчуци, яйца, овес","риба, сладкиши",кето,5,Да,85.5
51,80,180,жена,качване,средна,висок протеин,83,80,166,81,75,115,112,102,101,"яйца, сладкиши, риба","зеленчуци, риба",висок протеин,5,Да,75.2
41,83,160,мъж,поддържане,ниска,балансиран,86,83,32,93,88,95,90,98,96,"риба, яйца, сладкиши","пиле, глутен",интервално гладуване,3,Да,86.9
55,82,150,мъж,отслабване,висока,висок протеин,88,82,166,92,88,98,94,98,102,"сладкиши, мляко, овес","яйца, зеленчуци",интервално гладуване,5,Да,87.0
56,107,160,мъж,поддържане,средна,балансиран,112,107,79,102,96,101,99,102,104,"яйца, глутен, сладкиши","сладкиши, овес",интервално гладуване,4,Да,108.6
40,58,196,жена,отслабване,ниска,нисковъглехидратен,60,58,30,106,99,93,86,115,113,"глутен, яйца, сладкиши","пиле, глутен",кето,3,Да,60.4
18,71,193,жена,поддържане,средна,балансиран,79,71,125,80,72,112,106,107,106,"яйца, мляко, риба","мляко, зеленчуци",интервално гладуване,2,Да,69.2
60,52,176,жена,качване,средна,висок протеин,57,52,142,109,106,111,105,102,103,"зеленчуци, глутен, яйца","риба, яйца",интервално гладуване,5,Да,54.4
19,74,157,мъж,качване,висока,висок протеин,77,74,56,96,90,106,99,101,104,"пиле, зеленчуци, глутен","зеленчуци, яйца",средиземноморска,5,Да,80.6
64,86,185,жена,отслабване,ниска,нисковъглехидратен,88,86,108,96,87,98,91,88,88,"риба, зеленчуци, глутен","зеленчуци, риба",средиземноморска,2,Да,77.7
53,62,165,мъж,поддържане,ниска,балансиран,64,62,32,91,85,107,100,113,115,"глутен, сладкиши, яйца","овес, пиле",средиземноморска,5,Да,72.2
53,50,166,жена,качване,висока,висок протеин,59,50,43,102,97,109,107,114,114,"мляко, овес, риба","глутен, риба",висок протеин,4,Да,54.6
55,73,165,жена,отслабване,висока,висок протеин,80,73,89,86,78,104,101,103,106,"яйца, мляко, сладкиши","яйца, овес",висок протеин,2,Да,70.7
50,74,175,жена,качване,ниска,балансиран,81,74,140,84,75,104,100,104,108,"овес, зеленчуци, сладкиши","овес, сладкиши",интервално гладуване,3,Да,71.7
42,64,168,мъж,поддържане,ниска,балансиран,69,64,112,84,79,118,114,107,106,"овес, сладкиши, риба","сладкиши, глутен",средиземноморска,2,Да,72.4
48,69,157,жена,качване,висока,висок протеин,73,69,66,90,83,105,103,113,115,"сладкиши, зеленчуци, яйца","пиле, глутен",висок протеин,3,Да,69.0
41,68,171,жена,отслабване,ниска,нисковъглехидратен,76,68,84,82,73,91,84,101,101,"глутен, овес, риба","риба, зеленчуци",средиземноморска,4,Да,66.2
51,66,190,жена,поддържане,средна,балансиран,69,66,154,109,106,104,102,87,89,"зеленчуци, яйца, сладкиши","сладкиши, мляко",нисковъглехидратен,2,Да,62.8
33,64,179,жена,поддържане,висока,балансиран,70,64,134,86,83,108,102,103,103,"мляко, риба, яйца","зеленчуци, яйца",интервално гладуване,2,Да,63.4
63,61,161,жена,отслабване,средна,нисковъглехидратен,64,61,42,105,102,105,98,104,107,"риба, мляко, сладкиши","мляко, яйца",средиземноморска,5,Да,61.8
49,96,191,мъж,отслабване,висока,висок протеин,103,96,174,108,105,105,103,108,110,"пиле, глутен, сладкиши","зеленчуци, глутен",висок протеин,3,Да,100.3
33,109,161,мъж,качване,ниска,балансиран,114,109,157,81,77,92,89,92,91,"глутен, яйца, овес","мляко, глутен",висок протеин,5,Да,108.1
40,77,193,жена,качване,висока,висок протеин,79,77,87,107,98,95,93,92,91,"овес, яйца, пиле","зеленчуци, яйца",висок протеин,3,Да,71.4
45,99,162,мъж,качване,висока,висок протеин,102,99,56,105,98,93,91,108,109,"глутен, сладкиши, зеленчуци","овес, пиле",интервално гладуване,4,Да,102.7
61,57,165,мъж,отслабване,средна,нисковъглехидратен,60,57,155,83,79,107,104,96,94,"риба, овес, пиле","овес, глутен",средиземноморска,5,Да,64.4
47,67,183,жена,поддържане,ниска,балансиран,71,67,60,81,72,95,93,108,109,"яйца, зеленчуци, глутен","риба, яйца",средиземноморска,5,Да,66.6
38,106,155,жена,отслабване,висока,висок протеин,114,106,59,99,90,96,94,91,93,"риба, овес, глутен","зеленчуци, овес",кето,4,Да,93.4
46,66,177,мъж,отслабване,средна,нисковъглехидратен,69,66,129,108,103,98,91,109,111,"мляко, овес, сладкиши","зеленчуци, риба",висок протеин,3,Да,75.0
62,76,153,жена,отслабване,висока,висок протеин,82,76,102,105,100,119,116,103,101,"сладкиши, овес, мляко","яйца, овес",нисковъглехидратен,2,Да,72.2
27,106,166,мъж,отслабване,ниска,нисковъглехидратен,111,106,138,98,95,97,93,93,92,"яйца, риба, мляко","яйца, сладкиши",нисковъглехидратен,4,Да,105.7
24,99,161,жена,качване,ниска,балансиран,108,99,57,80,76,92,86,92,93,"яйца, зеленчуци, мляко","глутен, яйца",кето,2,Да,88.2
56,93,172,жена,поддържане,ниска,балансиран,98,93,54,81,74,114,110,118,117,"глутен, сладкиши, овес","пиле, глутен",кето,2,Да,87.3
18,95,180,жена,отслабване,ниска,нисковъглехидратен,98,95,178,108,103,91,87,117,117,"глутен, пиле, овес","мляко, зеленчуци",средиземноморска,2,Да,88.8
35,108,163,мъж,качване,ниска,балансиран,114,108,149,98,94,93,89,119,120,"мляко, яйца, зеленчуци","овес, мляко",нисковъглехидратен,4,Да,112.2
62,96,190,мъж,качване,ниска,балансиран,98,96,159,106,97,106,104,95,99,"глутен, яйца, сладкиши","овес, пиле",интервално гладуване,5,Да,98.4
21,60,176,мъж,качване,средна,висок протеин,65,60,99,91,85,113,108,99,100,"овес, яйца, сладкиши","глутен, риба",средиземноморска,2,Да,68.0
20,86,167,мъж,качване,средна,висок протеин,91,86,135,109,100,103,99,95,97,"зеленчуци, сладкиши, риба","глутен, зеленчуци",кето,4,Да,89.6
56,84,188,мъж,качване,висока,висок протеин,86,84,135,99,90,106,101,105,108,"сладкиши, яйца, риба","сладкиши, овес",висок протеин,2,Да,89.8
48,93,182,жена,поддържане,ниска,балансиран,98,93,107,89,83,91,85,88,89,"яйца, глутен, зеленчуци","сладкиши, глутен",средиземноморска,4,Да,83.1
20,95,190,мъж,поддържане,висока,балансиран,99,95,160,90,82,108,106,109,113,"зеленчуци, овес, яйца","овес, глутен",нисковъглехидратен,2,Да,100.0
42,110,156,мъж,качване,ниска,балансиран,116,110,85,107,100,114,109,85,88,"глутен, мляко, зеленчуци","овес, риба",средиземноморска,4,Да,108.5
43,93,197,мъж,отслабване,висока,висок протеин,99,93,42,93,88,115,110,111,115,"пиле, сладкиши, яйца","сладкиши, яйца",средиземноморска,3,Да,98.6
59,76,196,мъж,качване,висока,висок протеин,81,76,34,107,100,119,116,99,101,"пиле, сладкиши, зеленчуци","овес, яйца",нисковъглехидратен,2,Да,81.8
52,99,159,мъж,поддържане,средна,балансиран,108,99,45,87,84,117,113,109,108,"мляко, глутен, яйца","мляко, пиле",кето,5,Да,102.5
47,101,172,жена,отслабване,средна,нисковъглехидратен,106,101,132,104,100,119,112,92,92,"сладкиши, яйца, овес","овес, пиле",нисковъглехидратен,3,Да,89.6
53,96,196,мъж,отслабване,висока,висок протеин,100,96,151,86,77,91,88,85,86,"пиле, яйца, риба","пиле, риба",средиземноморска,2,Да,96.2
50,75,174,жена,качване,висока,висок протеин,84,75,114,97,89,96,90,86,90,"яйца, пиле, риба","зеленчуци, риба",средиземноморска,4,Да,69.8
19,75,187,мъж,поддържане,висока,балансиран,80,75,38,89,85,96,90,105,105,"зеленчуци, риба, глутен","риба, яйца",висок протеин,3,Да,81.6
32,90,165,мъж,поддържане,средна,балансиран,94,90,144,99,91,104,100,86,85,"овес, зеленчуци, яйца","зеленчуци, пиле",средиземноморска,4,Да,91.0
27,56,183,мъж,качване,висока,висок протеин,60,56,175,107,98,112,109,95,93,"овес, глутен, сладкиши","пиле, зеленчуци",интервално гладуване,5,Да,63.4
19,67,179,мъж,отслабване,висока,висок протеин,71,67,100,103,98,91,85,119,123,"овес, пиле, риба","мляко, овес",висок протеин,3,Да,77.9
65,70,173,жена,поддържане,висока,балансиран,75,70,146,102,93,90,84,109,109,"зеленчуци, сладкиши, глутен","яйца, мляко",висок протеин,3,Да,68.8
53,102,189,мъж,поддържане,ниска,балансиран,110,102,176,99,90,108,106,110,110,"глутен, зеленчуци, мляко","глутен, мляко",нисковъглехидратен,4,Да,105.4
21,60,156,жена,отслабване,ниска,нисковъглехидратен,62,60,138,102,93,90,87,108,108,"мляко, яйца, сладкиши","зеленчуци, сладкиши",нисковъглехидратен,4,Да,61.2
37,83,192,мъж,отслабване,ниска,нисковъглехидратен,89,83,129,107,98,94,88,92,92,"пиле, овес, мляко","пиле, глутен",средиземноморска,3,Да,86.2
27,88,198,мъж,качване,висока,висок протеин,93,88,153,89,84,116,109,90,90,"сладкиши, яйца, пиле","пиле, зеленчуци",интервално гладуване,5,Да,90.1
24,52,189,мъж,отслабване,средна,нисковъглехидратен,61,52,166,105,96,95,88,104,107,"риба, зеленчуци, пиле","зеленчуци, риба",интервално гладуване,2,Да,62.4
59,66,164,мъж,поддържане,средна,балансиран,74,66,138,89,86,114,108,94,92,"пиле, мляко, сладкиши","сладкиши, яйца",кето,5,Да,71.7
53,98,157,мъж,качване,висока,висок протеин,105,98,172,82,73,114,109,105,107,"глутен, овес, яйца","сладкиши, овес",нисковъглехидратен,4,Да,101.5
31,107,195,мъж,отслабване,средна,нисковъглехидратен,114,107,154,94,91,114,107,105,109,"яйца, глутен, сладкиши","глутен, яйца",кето,4,Да,109.5
41,91,179,мъж,качване,висока,висок протеин,96,91,163,99,94,107,105,115,115,"пиле, мляко, овес","зеленчуци, овес",интервално гладуване,4,Да,96.9
63,90,182,жена,качване,ниска,балансиран,98,90,139,93,89,115,110,119,121,"яйца, зеленчуци, сладкиши","яйца, мляко",нисковъглехидратен,4,Да,85.7
32,59,171,мъж,качване,ниска,балансиран,68,59,50,81,77,116,114,103,104,"сладкиши, овес, мляко","риба, мляко",нисковъглехидратен,5,Да,67.8
34,97,189,мъж,качване,висока,висок протеин,105,97,122,104,96,103,101,99,100,"мляко, зеленчуци, яйца","глутен, яйца",интервално гладуване,5,Да,99.5
39,76,185,мъж,качване,висока,висок протеин,84,76,154,86,83,111,109,89,91,"риба, глутен, овес","зеленчуци, глутен",средиземноморска,4,Да,80.1
27,65,159,мъж,отслабване,ниска,нисковъглехидратен,69,65,75,85,80,117,113,89,93,"овес, зеленчуци, мляко","пиле, зеленчуци",интервално гладуване,5,Да,71.1
65,62,188,мъж,поддържане,средна,балансиран,64,62,179,107,99,113,109,97,100,"мляко, яйца, глутен","риба, зеленчуци",нисковъглехидратен,2,Да,69.7
27,107,200,мъж,отслабване,ниска,нисковъглехидратен,109,107,93,103,96,97,92,94,94,"сладкиши, мляко, овес","сладкиши, зеленчуци",интервално гладуване,2,Да,106.9
40,80,178,жена,качване,средна,висок протеин,89,80,54,95,91,92,88,108,109,"пиле, зеленчуци, яйца","зеленчуци, мляко",висок протеин,2,Да,76.3
18,71,191,мъж,качване,ниска,балансиран,80,71,169,109,102,101,95,104,103,"яйца, риба, овес","сладкиши, риба",кето,3,Да,77.9
39,76,150,мъж,качване,ниска,балансиран,84,76,35,107,103,96,90,98,100,"яйца, сладкиши, зеленчуци","сладкиши, риба",нисковъглехидратен,2,Да,81.6
37,102,162,мъж,качване,ниска,балансиран,105,102,137,100,97,111,107,97,96,"овес, яйца, пиле","зеленчуци, мляко",висок протеин,3,Да,103.0
29,67,169,мъж,поддържане,висока,балансиран,69,67,90,105,96,112,108,89,93,"мляко, зеленчуци, сладкиши","зеленчуци, пиле",висок протеин,4,Да,72.8
59,69,199,мъж,отслабване,висока,висок протеин,71,69,148,90,82,90,83,92,90,"мляко, овес, риба","пиле, зеленчуци",средиземноморска,5,Да,74.0
45,78,150,мъж,качване,ниска,балансиран,83,78,152,81,73,115,111,86,86,"сладкиши, глутен, яйца","риба, сладкиши",интервално гладуване,2,Да,80.9
18,70,181,мъж,отслабване,средна,нисковъглехидратен,77,70,152,90,85,107,103,118,121,"сладкиши, зеленчуци, яйца","глутен, мляко",висок протеин,2,Да,80.1
46,80,166,мъж,поддържане,висока,балансиран,87,80,68,93,88,104,102,113,116,"риба, мляко, яйца","глутен, зеленчуци",висок протеин,4,Да,87.7
64,94,158,мъж,поддържане,средна,балансиран,98,94,134,96,93,114,112,89,89,"зеленчуци, пиле, мляко","сладкиши, риба",висок протеин,5,Да,95.0
49,106,200,мъж,отслабване,висока,висок протеин,111,106,153,106,100,95,91,119,117,"глутен, яйца, риба","сладкиши, яйца",висок протеин,4,Да,110.0
65,80,190,мъж,отслабване,висока,висок протеин,86,80,63,83,80,100,97,111,109,"риба, зеленчуци, глутен","зеленчуци, овес",висок протеин,3,Да,86.5
54,56,169,мъж,отслабване,средна,нисковъглехидратен,58,56,52,109,104,102,97,90,88,"овес, яйца, мляко","овес, пиле",нисковъглехидратен,4,Да,62.6
21,71,194,жена,отслабване,висока,висок протеин,80,71,163,98,94,112,105,99,97,"глутен, овес, пиле","глутен, зеленчуци",нисковъглехидратен,2,Да,67.8
23,84,165,жена,качване,ниска,балансиран,88,84,165,93,87,108,104,116,116,"мляко, зеленчуци, яйца","зеленчуци, яйца",интервално гладуване,4,Да,80.4
47,107,194,жена,отслабване,висока,висок протеин,112,107,37,96,89,90,85,106,108,"яйца, зеленчуци, овес","яйца, пиле",средиземноморска,4,Да,96.4
53,90,153,мъж,поддържане,висока,балансиран,97,90,127,109,106,103,98,104,103,"яйца, риба, зеленчуци","риба, мляко",интервално гладуване,5,Да,94.0
57,78,154,жена,поддържане,висока,балансиран,82,78,171,99,90,97,94,99,97,"сладкиши, яйца, мляко","мляко, риба",висок протеин,2,Да,73.1
62,90,166,мъж,отслабване,ниска,нисковъглехидратен,95,90,58,83,75,91,89,86,90,"пиле, глутен, риба","риба, мляко",нисковъглехидратен,3,Да,91.8
49,76,155,мъж,отслабване,средна,нисковъглехидратен,79,76,125,89,80,95,89,97,95,"яйца, зеленчуци, пиле","овес, мляко",кето,3,Да,80.8
60,105,159,жена,отслабване,висока,висок протеин,113,105,42,106,98,113,108,89,92,"риба, пиле, сладкиши","пиле, овес",средиземноморска,2,Да,92.6
60,56,160,мъж,поддържане,висока,балансиран,62,56,72,92,83,102,99,95,97,"овес, пиле, риба","глутен, мляко",нисковъглехидратен,4,Да,64.1
26,90,159,жена,отслабване,висока,висок протеин,94,90,104,103,94,119,115,115,115,"яйца, пиле, сладкиши","пиле, яйца",интервално гладуване,5,Да,84.8
55,65,165,жена,отслабване,средна,нисковъглехидратен,72,65,43,105,98,94,88,105,104,"овес, глутен, мляко","пиле, сладкиши",средиземноморска,5,Да,64.3
20,104,152,жена,отслабване,висока,висок протеин,107,104,107,98,95,93,88,117,117,"овес, пиле, мляко","яйца, сладкиши",интервално гладуване,5,Да,95.6
50,54,200,жена,качване,ниска,балансиран,57,54,46,94,87,95,93,88,90,"мляко, сладкиши, пиле","сладкиши, яйца",висок протеин,5,Да,54.0
52,102,173,мъж,отслабване,ниска,нисковъглехидратен,110,102,142,108,105,110,103,101,103,"пиле, сладкиши, овес","зеленчуци, сладкиши",нисковъглехидратен,2,Да,104.2
27,98,198,мъж,качване,средна,висок протеин,102,98,77,87,80,109,104,117,115,"глутен, сладкиши, риба","пиле, овес",интервално гладуване,3,Да,102.8
57,92,157,мъж,качване,ниска,балансиран,95,92,77,102,96,117,112,97,98,"пиле, мляко, риба","пиле, риба",нисковъглехидратен,4,Да,94.9
44,74,188,жена,качване,висока,висок протеин,82,74,122,94,91,93,88,87,85,"яйца, сладкиши, овес","яйца, пиле",висок протеин,4,Да,68.2
62,57,156,жена,качване,ниска,балансиран,63,57,117,97,92,102,99,95,94,"мляко, яйца, сладкиши","мляко, сладкиши",нисковъглехидратен,3,Да,56.8
38,58,156,жена,отслабване,ниска,нисковъглехидратен,64,58,89,83,77,101,95,99,97,"глутен, яйца, овес","сладкиши, риба",нисковъглехидратен,2,Да,58.1
31,102,182,жена,поддържане,средна,балансиран,109,102,48,94,86,115,111,113,111,"глутен, овес, зеленчуци","глутен, яйца",нисковъглехидратен,5,Да,93.2
59,71,193,жена,поддържане,висока,балансиран,79,71,45,106,100,103,100,119,118,"зеленчуци, яйца, глутен","пиле, сладкиши",кето,3,Да,70.9
53,94,174,жена,отслабване,средна,нисковъглехидратен,102,94,33,94,90,92,88,87,91,"яйца, риба, мляко","сладкиши, мляко",кето,2,Да,84.2
65,65,198,мъж,качване,ниска,балансиран,74,65,56,95,86,111,105,89,88,"глутен, пиле, зеленчуци","сладкиши, зеленчуци",нисковъглехидратен,2,Да,70.2
38,54,188,жена,отслабване,висока,висок протеин,63,54,118,100,93,99,94,106,108,"зеленчуци, яйца, мляко","пиле, овес",кето,3,Да,56.7
20,83,156,жена,отслабване,средна,нисковъглехидратен,86,83,165,106,99,118,115,102,104,"глутен, мляко, риба","яйца, глутен",средиземноморска,4,Да,77.8
29,108,174,мъж,отслабване,висока,висок протеин,117,108,124,109,100,103,97,86,85,"яйца, пиле, сладкиши","риба, мляко",средиземноморска,3,Да,106.2
23,75,177,мъж,поддържане,висока,балансиран,80,75,167,97,92,106,101,86,89,"сладкиши, яйца, мляко","сладкиши, яйца",висок протеин,2,Да,78.9
46,90,154,жена,поддържане,висока,балансиран,95,90,108,90,82,95,91,116,115,"сладкиши, риба, зеленчуци","риба, сладкиши",нисковъглехидратен,5,Да,84.8
65,73,150,мъж,качване,висока,висок протеин,82,73,66,96,90,100,96,85,84,"риба, сладкиши, зеленчуци","зеленчуци, яйца",висок протеин,3,Да,76.3
21,58,179,мъж,поддържане,висока,балансиран,64,58,146,93,84,114,108,90,90,"пиле, риба, зеленчуци","глутен, мляко",висок протеин,2,Да,64.6
45,104,150,жена,поддържане,средна,балансиран,110,104,113,91,88,101,99,104,105,"мляко, зеленчуци, овес","зеленчуци, пиле",нисковъглехидратен,2,Да,93.8
55,66,179,жена,качване,средна,висок протеин,71,66,31,89,80,98,96,93,96,"овес, зеленчуци, глутен","мляко, пиле",кето,5,Да,63.9
30,69,169,мъж,качване,ниска,балансиран,71,69,121,88,82,111,106,119,122,"риба, овес, сладкиши","яйца, зеленчуци",нисковъглехидратен,5,Да,79.4
41,105,163,мъж,качване,висока,висок протеин,114,105,67,89,85,97,94,105,107,"зеленчуци, мляко, пиле","мляко, сладкиши",средиземноморска,3,Да,107.4
29,51,167,мъж,поддържане,средна,балансиран,57,51,151,85,80,109,104,92,90,"глутен, сладкиши, мляко","мляко, сладкиши",нисковъглехидратен,3,Да,58.6
37,75,179,жена,поддържане,средна,балансиран,80,75,70,98,94,117,113,87,89,"яйца, овес, сладкиши","зеленчуци, риба",нисковъглехидратен,5,Да,69.6
61,107,189,жена,поддържане,ниска,балансиран,109,107,111,84,75,115,112,118,121,"глутен, пиле, мляко","глутен, яйца",кето,3,Да,98.4
48,96,184,жена,поддържане,средна,балансиран,99,96,161,107,99,96,92,93,92,"сладкиши, зеленчуци, глутен","пиле, глутен",висок протеин,4,Да,85.8
49,94,186,жена,поддържане,средна,балансиран,101,94,107,80,73,103,98,86,87,"сладкиши, риба, глутен","мляко, глутен",нисковъглехидратен,2,Да,83.6
39,100,188,жена,качване,висока,висок протеин,106,100,76,105,100,98,96,98,100,"овес, сладкиши, пиле","яйца, мляко",кето,5,Да,90.0
39,97,156,мъж,отслабване,ниска,нисковъглехидратен,99,97,54,103,97,114,108,85,88,"глутен, зеленчуци, сладкиши","яйца, мляко",кето,2,Да,97.4
22,104,169,мъж,качване,висока,висок протеин,107,104,37,96,93,102,99,88,90,"мляко, риба, глутен","зеленчуци, риба",висок протеин,2,Да,103.7
24,56,186,мъж,отслабване,висока,висок протеин,63,56,85,84,80,104,97,115,118,"овес, глутен, зеленчуци","глутен, риба",интервално гладуване,2,Да,67.7
23,97,150,жена,качване,средна,висок протеин,101,97,162,82,76,99,92,115,118,"пиле, глутен, яйца","глутен, сладкиши",интервално гладуване,3,Да,90.4
59,91,162,мъж,отслабване,висока,висок протеин,100,91,46,88,84,110,106,87,85,"овес, мляко, зеленчуци","овес, яйца",средиземноморска,3,Да,91.8
30,86,197,мъж,поддържане,ниска,балансиран,91,86,122,104,101,96,92,87,89,"мляко, овес, пиле","глутен, сладкиши",нисковъглехидратен,5,Да,88.2
42,75,184,мъж,отслабване,висока,висок протеин,83,75,30,94,85,102,95,96,96,"мляко, яйца, глутен","глутен, пиле",висок протеин,3,Да,80.1
64,84,166,жена,отслабване,ниска,нисковъглехидратен,90,84,140,80,74,106,100,99,102,"мляко, яйца, пиле","сладкиши, мляко",средиземноморска,5,Да,78.3
22,94,178,мъж,качване,висока,висок протеин,103,94,83,102,96,110,106,101,105,"овес, риба, мляко","овес, зеленчуци",нисковъглехидратен,3,Да,97.8
34,68,188,жена,отслабване,висока,висок протеин,71,68,168,92,89,102,95,99,97,"пиле, глутен, сладкиши","зеленчуци, мляко",висок протеин,5,Да,65.6
26,80,173,жена,отслабване,средна,нисковъглехидратен,88,80,57,96,89,115,111,101,99,"сладкиши, овес, яйца","мляко, сладкиши",кето,3,Да,74.8
39,87,178,мъж,поддържане,ниска,балансиран,95,87,130,109,103,103,96,104,103,"зеленчуци, пиле, яйца","зеленчуци, мляко",висок протеин,5,Да,91.5
42,51,185,мъж,качване,висока,висок протеин,58,51,136,107,98,101,97,103,101,"мляко, пиле, овес","глутен, мляко",средиземноморска,3,Да,60.5
50,53,164,жена,поддържане,ниска,балансиран,55,53,136,102,97,108,103,102,103,"риба, яйца, глутен","мляко, глутен",кето,4,Да,55.2
25,79,189,мъж,качване,средна,висок протеин,88,79,101,82,75,92,90,96,97,"мляко, глутен, пиле","риба, пиле",средиземноморска,4,Да,83.6
24,65,193,мъж,поддържане,средна,балансиран,67,65,64,84,81,90,83,106,109,"яйца, овес, глутен","яйца, мляко",средиземноморска,5,Да,73.8
35,74,172,жена,качване,висока,висок протеин,83,74,74,95,87,107,104,97,100,"риба, яйца, зеленчуци","мляко, пиле",висок протеин,5,Да,70.5
23,106,157,мъж,качване,висока,висок протеин,108,106,74,102,94,90,87,86,90,"зеленчуци, овес, сладкиши","глутен, овес",нисковъглехидратен,5,Да,105.4
35,51,186,мъж,отслабване,висока,висок протеин,57,51,68,102,93,98,91,116,114,"пиле, риба, глутен","зеленчуци, глутен",кето,5,Да,62.7
34,94,151,жена,поддържане,средна,балансиран,99,94,49,97,91,98,91,108,112,"глутен, мляко, риба","мляко, овес",кето,5,Да,87.3
52,73,174,жена,качване,висока,висок протеин,77,73,156,104,95,92,89,93,92,"яйца, мляко, глутен","яйца, глутен",средиземноморска,4,Да,68.6
50,86,183,жена,отслабване,ниска,нисковъглехидратен,92,86,37,87,79,108,106,87,88,"пиле, риба, овес","риба, мляко",кето,4,Да,77.7
41,82,173,жена,отслабване,средна,нисковъглехидратен,86,82,56,94,87,91,86,85,83,"глутен, овес, сладкиши","сладкиши, овес",нисковъглехидратен,4,Да,73.9
56,96,191,мъж,отслабване,ниска,нисковъглехидратен,98,96,73,94,91,95,88,94,96,"пиле, зеленчуци, глутен","пиле, яйца",интервално гладуване,5,Да,97.9
31,72,174,жена,отслабване,висока,висок протеин,80,72,99,91,85,96,94,89,92,"овес, зеленчуци, глутен","глутен, риба",кето,3,Да,67.8
38,51,169,мъж,поддържане,ниска,балансиран,53,51,112,96,91,116,109,98,98,"яйца, риба, овес","мляко, сладкиши",средиземноморска,2,Да,60.0
61,59,182,мъж,отслабване,висока,висок протеин,65,59,104,83,75,100,94,102,106,"яйца, зеленчуци, сладкиши","сладкиши, глутен",нисковъглехидратен,4,Да,68.2
48,71,167,мъж,отслабване,средна,нисковъглехидратен,77,71,38,95,91,97,92,113,113,"яйца, сладкиши, овес","сладкиши, глутен",средиземноморска,2,Да,79.6
19,92,166,мъж,качване,ниска,балансиран,101,92,48,107,102,96,92,97,100,"глутен, сладкиши, пиле","сладкиши, зеленчуци",кето,3,Да,95.2
28,103,158,мъж,поддържане,висока,балансиран,106,103,130,96,92,110,106,107,105,"пиле, овес, сладкиши","пиле, мляко",кето,5,Да,105.4
53,81,155,мъж,поддържане,висока,балансиран,88,81,83,90,82,106,103,115,114,"зеленчуци, сладкиши, глутен","риба, овес",нисковъглехидратен,5,Да,88.2
41,85,186,мъж,поддържане,висока,балансиран,89,85,106,103,98,90,87,111,110,"мляко, зеленчуци, пиле","зеленчуци, пиле",нисковъглехидратен,3,Да,91.0
48,61,161,мъж,качване,ниска,балансиран,70,61,83,89,82,90,86,107,111,"глутен, мляко, сладкиши","зеленчуци, глутен",средиземноморска,2,Да,70.7
27,95,181,мъж,отслабване,средна,нисковъглехидратен,104,95,164,94,88,92,89,100,102,"яйца, риба, сладкиши","риба, сладкиши",нисковъглехидратен,3,Да,98.1
61,95,196,мъж,отслабване,ниска,нисковъглехидратен,101,95,86,109,102,99,92,92,96,"сладкиши, глутен, яйца","мляко, яйца",висок протеин,3,Да,97.1
22,79,199,мъж,поддържане,средна,балансиран,85,79,75,94,90,95,91,101,102,"овес, риба, сладкиши","сладкиши, глутен",кето,2,Да,84.5
33,75,155,жена,отслабване,висока,висок протеин,80,75,73,85,80,115,109,86,85,"пиле, риба, яйца","пиле, сладкиши",средиземноморска,2,Да,69.0
32,110,179,мъж,отслабване,средна,нисковъглехидратен,113,110,87,93,88,109,103,102,102,"пиле, сладкиши, риба","риба, овес",средиземноморска,5,Да,110.8
51,81,153,мъж,отслабване,ниска,нисковъглехидратен,85,81,174,91,82,102,95,97,100,"овес, мляко, пиле","риба, овес",кето,3,Да,85.8
40,55,197,мъж,качване,средна,висок протеин,58,55,153,81,74,117,114,119,121,"яйца, овес, мляко","риба, овес",средиземноморска,4,Да,67.3
41,84,170,мъж,качване,ниска,балансиран,89,84,173,94,85,110,106,111,109,"пиле, риба, мляко","риба, овес",средиземноморска,2,Да,89.9
22,96,169,жена,качване,ниска,балансиран,98,96,132,109,101,114,110,87,87,"мляко, сладкиши, риба","овес, риба",нисковъглехидратен,4,Да,85.1
46,76,150,мъж,поддържане,висока,балансиран,80,76,40,102,96,108,101,116,115,"риба, сладкиши, яйца","зеленчуци, глутен",нисковъглехидратен,4,Да,84.1
52,94,155,жена,отслабване,средна,нисковъглехидратен,103,94,166,104,97,95,91,87,86,"мляко, зеленчуци, яйца","яйца, глутен",висок протеин,3,Да,83.4
31,96,180,жена,поддържане,висока,балансиран,98,96,51,101,93,91,85,100,101,"риба, яйца, зеленчуци","сладкиши, риба",висок протеин,2,Да,87.2
49,77,192,жена,отслабване,висока,висок протеин,79,77,104,89,84,108,105,105,108,"мляко, зеленчуци, сладкиши","мляко, глутен",нисковъглехидратен,3,Да,73.9
25,54,185,мъж,качване,висока,висок протеин,63,54,144,101,97,111,105,118,118,"глутен, сладкиши, яйца","овес, зеленчуци",кето,2,Да,66.0
23,67,189,мъж,поддържане,средна,балансиран,70,67,60,99,91,106,102,102,100,"овес, риба, пиле","риба, глутен",нисковъглехидратен,4,Да,74.0
41,61,172,жена,качване,средна,висок протеин,68,61,139,109,105,108,101,116,115,"глутен, зеленчуци, овес","пиле, глутен",нисковъглехидратен,4,Да,63.0
35,108,162,жена,поддържане,висока,балансиран,113,108,72,91,84,95,93,90,93,"яйца, мляко, риба","яйца, зеленчуци",нисковъглехидратен,5,Да,94.9
39,85,155,жена,отслабване,средна,нисковъглехидратен,92,85,162,87,78,109,105,90,91,"глутен, мляко, овес","мляко, риба",кето,3,Да,77.4
25,75,184,жена,поддържане,висока,балансиран,83,75,57,80,74,98,91,117,121,"зеленчуци, сладкиши, пиле","пиле, риба",висок протеин,2,Да,74.4
56,93,191,жена,качване,средна,висок протеин,98,93,49,81,76,99,96,95,97,"овес, мляко, риба","риба, сладкиши",нисковъглехидратен,5,Да,84.3
28,103,177,мъж,отслабване,средна,нисковъглехидратен,106,103,72,100,97,118,114,101,100,"пиле, глутен, сладкиши","овес, риба",средиземноморска,5,Да,104.5
50,75,188,мъж,отслабване,ниска,нисковъглехидратен,84,75,121,101,92,119,112,85,87,"яйца, овес, сладкиши","яйца, зеленчуци",средиземноморска,3,Да,78.5
34,98,179,жена,поддържане,висока,балансиран,102,98,64,86,79,96,91,113,112,"сладкиши, яйца, мляко","мляко, пиле",кето,5,Да,90.3
18,110,154,жена,качване,средна,висок протеин,119,110,89,81,78,92,90,112,110,"сладкиши, пиле, глутен","глутен, пиле",средиземноморска,4,Да,99.0
21,50,191,жена,отслабване,средна,нисковъглехидратен,58,50,157,98,94,105,103,91,93,"яйца, мляко, сладкиши","овес, зеленчуци",средиземноморска,2,Да,51.4
36,73,173,жена,качване,средна,висок протеин,80,73,140,108,99,114,112,105,106,"овес, пиле, мляко","мляко, пиле",средиземноморска,3,Да,70.7
21,107,181,мъж,качване,ниска,балансиран,114,107,54,109,105,97,91,119,117,"овес, сладкиши, мляко","глутен, яйца",средиземноморска,5,Да,110.8
54,59,198,мъж,качване,средна,висок протеин,64,59,111,109,105,106,99,110,108,"зеленчуци, глутен, яйца","овес, яйца",интервално гладуване,3,Да,68.5
41,84,159,мъж,поддържане,ниска,балансиран,88,84,94,100,95,109,107,85,88,"зеленчуци, мляко, сладкиши","глутен, сладкиши",кето,4,Да,86.4
64,53,189,мъж,поддържане,висока,балансиран,58,53,107,95,86,110,105,113,112,"пиле, овес, глутен","глутен, зеленчуци",средиземноморска,5,Да,64.1
64,84,154,жена,качване,висока,висок протеин,88,84,155,96,92,112,106,113,116,"пиле, мляко, зеленчуци","сладкиши, зеленчуци",кето,3,Да,80.4
31,70,158,мъж,отслабване,средна,нисковъглехидратен,75,70,135,87,80,114,110,109,112,"глутен, овес, пиле","сладкиши, риба",кето,5,Да,78.5
46,90,186,жена,поддържане,висока,балансиран,94,90,108,88,85,102,98,118,120,"зеленчуци, мляко, глутен","овес, зеленчуци",интервално гладуване,2,Да,85.5
20,108,178,жена,отслабване,ниска,нисковъглехидратен,114,108,39,80,75,94,88,113,111,"зеленчуци, сладкиши, мляко","мляко, пиле",интервално гладуване,4,Да,97.6
31,55,177,жена,поддържане,висока,балансиран,64,55,136,86,81,91,87,101,100,"яйца, сладкиши, глутен","глутен, зеленчуци",средиземноморска,3,Да,56.2
20,61,157,мъж,поддържане,средна,балансиран,68,61,38,92,84,106,103,119,119,"овес, глутен, сладкиши","мляко, риба",средиземноморска,4,Да,72.1
33,105,170,жена,качване,ниска,балансиран,107,105,117,93,87,93,87,100,104,"риба, сладкиши, мляко","риба, глутен",интервално гладуване,5,Да,94.3
36,91,195,жена,поддържане,средна,балансиран,94,91,61,82,79,114,107,96,98,"сладкиши, яйца, риба","пиле, сладкиши",средиземноморска,5,Да,82.9
60,64,177,мъж,поддържане,средна,балансиран,68,64,107,105,101,108,103,115,115,"риба, сладкиши, глутен","глутен, зеленчуци",средиземноморска,2,Да,74.0
23,93,151,жена,поддържане,висока,балансиран,101,93,163,108,102,117,113,112,110,"глутен, пиле, овес","мляко, сладкиши",средиземноморска,4,Да,86.2
44,51,166,жена,качване,висока,висок протеин,56,51,66,85,80,99,94,114,115,"глутен, мляко, сладкиши","яйца, глутен",средиземноморска,4,Да,55.5
61,59,180,жена,поддържане,висока,балансиран,68,59,99,84,76,107,102,111,113,"зеленчуци, яйца, пиле","риба, пиле",средиземноморска,2,Да,61.2
36,89,177,мъж,поддържане,ниска,балансиран,98,89,148,109,106,108,101,104,103,"пиле, сладкиши, глутен","сладкиши, глутен",нисковъглехидратен,4,Да,93.2
64,58,189,мъж,отслабване,средна,нисковъглехидратен,60,58,179,80,77,106,100,88,92,"сладкиши, пиле, яйца","сладкиши, пиле",кето,5,Да,64.9
63,69,154,жена,поддържане,ниска,балансиран,71,69,49,89,83,105,103,114,117,"глутен, овес, сладкиши","яйца, риба",интервално гладуване,2,Да,69.3
27,109,193,жена,качване,средна,висок протеин,113,109,105,108,105,103,100,103,103,"глутен, яйца, пиле","зеленчуци, глутен",интервално гладуване,2,Да,97.2
27,92,152,жена,качване,висока,висок протеин,97,92,161,106,103,104,98,107,111,"овес, риба, мляко","зеленчуци, глутен",кето,2,Да,85.7
50,84,186,мъж,отслабване,висока,висок протеин,89,84,138,109,103,119,114,112,112,"овес, пиле, сладкиши","яйца, глутен",кето,4,Да,90.4
26,94,196,жена,качване,висока,висок протеин,101,94,30,83,80,101,97,117,121,"риба, пиле, мляко","риба, зеленчуци",средиземноморска,3,Да,88.7
65,102,197,жена,качване,висока,висок протеин,110,102,136,100,93,108,101,97,95,"сладкиши, мляко, глутен","яйца, глутен",нисковъглехидратен,5,Да,90.8
30,107,198,жена,качване,ниска,балансиран,114,107,160,98,93,95,91,118,116,"глутен, зеленчуци, пиле","сладкиши, пиле",интервално гладуване,3,Да,97.6
44,64,170,жена,отслабване,ниска,нисковъглехидратен,67,64,52,81,76,96,90,88,87,"зеленчуци, сладкиши, яйца","пиле, зеленчуци",интервално гладуване,3,Да,61.1
39,100,188,мъж,поддържане,ниска,балансиран,104,100,170,104,95,97,92,86,84,"мляко, сладкиши, глутен","зеленчуци, сладкиши",средиземноморска,2,Да,99.3
40,62,153,жена,поддържане,ниска,балансиран,67,62,30,87,83,111,108,93,93,"мляко, овес, риба","зеленчуци, пиле",интервално гладуване,4,Да,60.4
64,110,200,жена,поддържане,ниска,балансиран,114,110,144,100,95,103,96,97,101,"глутен, пиле, овес","мляко, глутен",висок протеин,4,Да,97.6
22,65,165,жена,качване,ниска,балансиран,67,65,41,107,101,109,107,102,102,"риба, зеленчуци, овес","мляко, пиле",висок протеин,4,Да,64.1
45,72,166,жена,качване,ниска,балансиран,80,72,54,86,79,100,95,88,89,"пиле, глутен, сладкиши","овес, сладкиши",кето,4,Да,67.3
52,56,169,жена,отслабване,средна,нисковъглехидратен,61,56,127,96,93,114,108,89,91,"зеленчуци, мляко, глутен","яйца, овес",интервално гладуване,3,Да,55.7
48,74,178,мъж,поддържане,висока,балансиран,81,74,101,96,91,115,111,116,116,"мляко, риба, сладкиши","зеленчуци, яйца",интервално гладуване,4,Да,82.6
50,98,189,жена,отслабване,средна,нисковъглехидратен,102,98,82,96,88,113,106,93,96,"мляко, пиле, яйца","пиле, яйца",нисковъглехидратен,4,Да,87.9
37,97,198,мъж,поддържане,ниска,балансиран,101,97,127,103,98,93,91,89,90,"мляко, зеленчуци, яйца","яйца, сладкиши",интервално гладуване,2,Да,97.8
56,54,166,жена,поддържане,средна,балансиран,59,54,51,90,82,102,100,97,97,"яйца, овес, пиле","риба, мляко",висок протеин,5,Да,55.1
56,100,192,мъж,поддържане,ниска,балансиран,104,100,94,85,76,101,97,101,102,"яйца, мляко, сладкиши","глутен, риба",нисковъглехидратен,5,Да,102.3
27,100,157,жена,поддържане,средна,балансиран,106,100,107,100,92,93,87,109,109,"глутен, зеленчуци, сладкиши","риба, пиле",кето,2,Да,91.3
24,56,176,жена,качване,ниска,балансиран,58,56,90,90,85,115,108,106,109,"глутен, пиле, зеленчуци","сладкиши, риба",нисковъглехидратен,3,Да,58.3
31,102,169,жена,поддържане,висока,балансиран,108,102,106,107,99,108,103,91,94,"мляко, яйца, сладкиши","мляко, зеленчуци",висок протеин,3,Да,90.6
63,85,167,мъж,качване,висока,висок протеин,88,85,70,95,88,98,92,88,92,"глутен, риба, пиле","глутен, сладкиши",интервално гладуване,2,Да,87.9
52,69,196,мъж,поддържане,висока,балансиран,73,69,123,105,98,115,109,117,121,"яйца, сладкиши, пиле","риба, овес",средиземноморска,5,Да,79.2
42,89,195,мъж,поддържане,висока,балансиран,93,89,45,98,94,112,106,102,104,"овес, мляко, зеленчуци","зеленчуци, риба",висок протеин,3,Да,93.3
22,106,178,жена,качване,висока,висок протеин,108,106,65,85,79,95,92,100,99,"риба, зеленчуци, пиле","сладкиши, яйца",нисковъглехидратен,2,Да,94.3
63,70,154,жена,поддържане,средна,балансиран,72,70,71,90,82,98,94,107,108,"пиле, риба, сладкиши","овес, глутен",нисковъглехидратен,4,Да,68.7
45,59,178,мъж,качване,ниска,балансиран,64,59,31,80,77,119,116,87,86,"риба, глутен, сладкиши","риба, сладкиши",средиземноморска,2,Да,64.8
56,101,157,мъж,поддържане,висока,балансиран,103,101,98,106,100,113,109,88,89,"сладкиши, пиле, овес","риба, яйца",средиземноморска,5,Да,101.0
45,50,160,мъж,качване,средна,висок протеин,53,50,138,99,95,90,83,92,94,"зеленчуци, пиле, яйца","зеленчуци, мляко",висок протеин,4,Да,58.5
41,87,172,мъж,отслабване,висока,висок протеин,92,87,173,106,99,108,101,109,108,"риба, пиле, мляко","яйца, риба",интервално гладуване,5,Да,92.3
41,70,164,жена,поддържане,висока,балансиран,77,70,50,99,94,93,88,112,115,"сладкиши, глутен, пиле","яйца, сладкиши",средиземноморска,3,Да,69.8
45,95,178,жена,качване,ниска,балансиран,103,95,108,103,96,104,97,88,91,"зеленчуци, риба, глутен","овес, сладкиши",средиземноморска,5,Да,84.9
44,78,183,жена,качване,средна,висок протеин,86,78,165,84,78,92,88,96,98,"зеленчуци, яйца, сладкиши","глутен, мляко",кето,2,Да,73.2
58,86,200,мъж,отслабване,висока,висок протеин,91,86,132,109,100,93,87,119,117,"мляко, сладкиши, овес","яйца, овес",нисковъглехидратен,3,Да,93.0
48,79,181,жена,отслабване,средна,нисковъглехидратен,84,79,30,102,98,90,85,115,114,"мляко, яйца, пиле","сладкиши, риба",интервално гладуване,2,Да,76.3
63,100,157,жена,поддържане,висока,балансиран,103,100,110,80,73,91,89,105,104,"глутен, мляко, пиле","яйца, сладкиши",средиземноморска,2,Да,90.6
37,84,153,мъж,поддържане,висока,балансиран,91,84,153,90,82,103,97,109,107,"глутен, мляко, сладкиши","риба, овес",нисковъглехидратен,4,Да,89.6
34,84,169,мъж,качване,ниска,балансиран,92,84,93,100,97,97,93,100,99,"мляко, яйца, риба","пиле, яйца",висок протеин,3,Да,88.2
51,50,195,мъж,поддържане,средна,балансиран,59,50,146,99,91,117,113,108,111,"овес, риба, яйца","яйца, сладкиши",средиземноморска,4,Да,61.4
23,55,153,жена,отслабване,средна,нисковъглехидратен,60,55,114,104,95,99,97,88,88,"яйца, зеленчуци, мляко","мляко, зеленчуци",нисковъглехидратен,3,Да,54.4
24,78,183,мъж,отслабване,висока,висок протеин,85,78,168,91,86,116,111,95,93,"сладкиши, риба, зеленчуци","зеленчуци, овес",висок протеин,4,Да,82.1
37,54,166,жена,поддържане,средна,балансиран,56,54,156,81,78,115,110,113,111,"пиле, мляко, сладкиши","мляко, риба",висок протеин,3,Да,57.2
47,83,163,мъж,поддържане,ниска,балансиран,92,83,68,90,86,95,90,103,105,"мляко, овес, глутен","пиле, зеленчуци",висок протеин,5,Да,88.4
64,57,200,жена,поддържане,средна,балансиран,59,57,100,103,95,101,99,88,89,"яйца, пиле, овес","сладкиши, глутен",средиземноморска,4,Да,56.1
32,57,185,жена,поддържане,средна,балансиран,64,57,112,85,79,114,108,114,117,"риба, овес, яйца","пиле, глутен",средиземноморска,2,Да,60.3
23,89,195,жена,поддържане,висока,балансиран,96,89,96,105,102,109,105,114,114,"мляко, пиле, риба","овес, риба",средиземноморска,3,Да,83.8
53,72,189,жена,качване,средна,висок протеин,76,72,100,100,93,90,83,97,101,"овес, пиле, риба","яйца, мляко",кето,5,Да,69.2
61,67,178,мъж,отслабване,средна,нисковъглехидратен,71,67,153,84,78,119,114,108,109,"пиле, яйца, сладкиши","риба, сладкиши",висок протеин,5,Да,75.5
49,63,177,жена,отслабване,средна,нисковъглехидратен,72,63,45,108,103,95,92,116,118,"зеленчуци, мляко, овес","глутен, яйца",интервално гладуване,3,Да,64.9
39,74,193,жена,качване,висока,висок протеин,81,74,165,81,72,93,87,90,93,"мляко, овес, яйца","яйца, глутен",висок протеин,5,Да,69.4
43,108,177,жена,поддържане,висока,балансиран,111,108,97,94,87,113,108,91,90,"глутен, риба, зеленчуци","яйца, глутен",кето,2,Да,94.5
65,87,184,мъж,отслабване,висока,висок протеин,95,87,76,88,85,92,87,103,107,"зеленчуци, пиле, глутен","овес, яйца",кето,5,Да,92.1
39,71,161,жена,качване,ниска,балансиран,78,71,102,102,98,119,114,97,97,"глутен, пиле, овес","мляко, зеленчуци",кето,5,Да,67.8
55,60,166,жена,поддържане,ниска,балансиран,69,60,53,91,83,97,92,102,106,"мляко, глутен, зеленчуци","сладкиши, яйца",средиземноморска,3,Да,60.9
60,83,155,жена,поддържане,висока,балансиран,86,83,147,109,106,105,102,94,94,"сладкиши, зеленчуци, овес","риба, пиле",средиземноморска,5,Да,76.3
49,52,197,жена,отслабване,висока,висок протеин,60,52,67,105,98,98,91,109,107,"риба, глутен, сладкиши","мляко, риба",нисковъглехидратен,2,Да,55.1
28,85,196,мъж,поддържане,средна,балансиран,88,85,69,104,96,93,90,108,106,"мляко, яйца, сладкиши","глутен, пиле",интервално гладуване,3,Да,90.3
35,60,159,мъж,качване,висока,висок протеин,68,60,165,104,101,115,112,119,122,"пиле, овес, риба","овес, риба",висок протеин,4,Да,71.7
44,54,178,мъж,отслабване,средна,нисковъглехидратен,61,54,175,105,99,118,111,91,90,"яйца, зеленчуци, глутен","риба, зеленчуци",висок протеин,3,Да,61.2
44,109,151,мъж,отслабване,ниска,нисковъглехидратен,112,109,98,98,90,97,90,105,106,"зеленчуци, сладкиши, яйца","глутен, зеленчуци",висок протеин,5,Да,110.7
64,53,160,жена,отслабване,средна,нисковъглехидратен,57,53,159,84,80,105,98,118,118,"мляко, яйца, зеленчуци","зеленчуци, глутен",средиземноморска,4,Да,57.4
30,58,194,мъж,поддържане,ниска,балансиран,65,58,171,80,76,91,86,110,114,"пиле, мляко, яйца","мляко, сладкиши",интервално гладуване,5,Да,68.7
20,51,171,жена,качване,висока,висок протеин,59,51,84,101,96,98,95,102,101,"овес, риба, яйца","яйца, глутен",нисковъглехидратен,3,Да,53.4
34,69,154,жена,отслабване,средна,нисковъглехидратен,74,69,88,98,94,118,114,99,100,"зеленчуци, глутен, овес","риба, мляко",кето,3,Да,66.8
29,101,185,жена,отслабване,висока,висок протеин,103,101,40,94,89,112,107,87,90,"яйца, зеленчуци, мляко","сладкиши, мляко",нисковъглехидратен,4,Да,89.2
36,108,152,мъж,поддържане,средна,балансиран,117,108,99,103,96,117,112,92,90,"мляко, овес, зеленчуци","зеленчуци, овес",нисковъглехидратен,4,Да,107.1
43,90,152,жена,отслабване,висока,висок протеин,98,90,153,92,86,99,97,110,112,"овес, риба, зеленчуци","риба, пиле",средиземноморска,5,Да,84.3
30,72,166,жена,качване,ниска,балансиран,74,72,124,95,91,103,97,103,104,"мляко, сладкиши, зеленчуци","сладкиши, овес",нисковъглехидратен,2,Да,69.6
18,56,200,жена,отслабване,ниска,нисковъглехидратен,62,56,52,97,93,111,108,106,106,"риба, глутен, сладкиши","зеленчуци, глутен",интервално гладуване,4,Да,57.9
50,56,164,жена,поддържане,ниска,балансиран,64,56,78,84,81,91,86,103,101,"зеленчуци, сладкиши, пиле","яйца, мляко",нисковъглехидратен,5,Да,57.2
44,82,153,мъж,поддържане,висока,балансиран,89,82,37,88,84,111,105,111,115,"сладкиши, мляко, овес","пиле, мляко",интервално гладуване,3,Да,89.2
18,68,196,мъж,качване,ниска,балансиран,72,68,60,108,101,118,111,114,115,"риба, яйца, зеленчуци","овес, мляко",нисковъглехидратен,2,Да,77.3
36,95,198,жена,качване,средна,висок протеин,97,95,101,85,77,103,96,107,109,"зеленчуци, яйца, риба","овес, мляко",нисковъглехидратен,2,Да,87.6
